3-19,https://319coffee.com,San Francisco
AKA Coffee,https://www.aka.coffee,Berkeley
Addictive Coffee Roasters,https://addictivecoffee.com,San Rafael
Alchemy Collective Cafe,http://www.alchemycollectivecafe.com,Berkeley
Alta Organic Coffee, https://www.altaorganiccoffee.com,Santa Cruz
Alvin's Coffees & Teas,https://www.alvinsofsf.com,San Francisco
Andytown Coffee Roasters,https://www.andytownsf.com,San Francisco
Awaken Cafe and Roasting,https://www.awakencafe.com,Oakland
Barefoot Coffee,https://www.barefootcoffee.com,Santa Clara
Bellwether Coffee,https://www.bellwethercoffee.com,Berkeley
Bicycle Coffee,https://www.bicyclecoffeeco.com,Oakland
Blue Bottle Coffee,https://bluebottlecoffee.com,Oakland
Cafe Santana,https://cafesantanaroastingcompany.com,Oakland
Caffe Roma,https://www.cafferoma.com,San Francisco
Catahoula Coffee Company,https://www.catahoulacoffee.com,Richmond
Chromatic Coffee,https://www.chromaticcoffee.com,San Jose
Coloso,http://colosocoffee.com,Oakland
Connoisseur Coffee Company,http://www.connoisseurcoffeeco.com,Redwood City
Craftsman Coffee,https://crftsmncoffee.com,Pacifica
Devout Coffee,https://www.devoutcoffee.com,Fremont
Eco Delight,https://www.ecodelightcoffee.com,Petaluma
Equator Coffees,https://www.equatorcoffees.com,San Francisco
Estas Manos Coffee Roasters,https://www.estasmanoscoffee.com,San Francisco
Flywheel Coffee Roasters,https://flywheelcoffee.com,San Francisco
Foggy Hills Coffee,https://foggyhillscoffee.com,Kensington
Graffeo,https://www.graffeo.com,San Francisco
Highwire Coffee Roasters,https://www.wreckingballcoffee.com,San Francisco
Katahoula Coffee,https://catahoulacoffee.com,Richmond
Keystone,https://www.keystonecoffee.com,San Jose
Linea Caffe,https://lineacaffe.com,San Francisco
Los Gatos Coffee Roasting Company,http://lgcrc.comLos Gatos
Marin Coffee Roasters,https://marincoffeeroasters.co,Novato
Mission Coffee Roasting,https://www.missioncoffeeroasting.com,Fremont
Modern Coffee,http://moderncoffeeoakland.com,Oakland
Moschetti,https://www.moschetti.com,Vallejo
Mr. Espresso,https://www.mrespresso.com,Oakland
Noe Valley Coffee,https://noevalleycoffee.com,San Francisco
Nomadic Coffee,https://www.nomadiccoffee.com,Berkeley
Ohm Coffee Roasters,https://www.ohmcoffee.com,Napa
Pacific Bay Coffee Co,https://www.pacificbaycoffee.com,Walnut Creek
Progeny Coffee,https://www.progenycoffee.com,Berkeley
Red Bay Coffee,https://www.redbaycoffee.com,Oakland
Rhetoric Coffee,https://rhetoriccoffee.com,Oakland
Ritual Coffee Roasters,https://www.ritualroasters.com,San Francisco
RoastCo,https://www.roastco.com,Oakland
Saint Frank Coffee,https://www.saintfrankcoffee.com,San Francisco
Scarlet City,https://www.scarletcityroasting.com,Oakland
Sextant Coffee,https://sextantcoffee.com,San Francisco
Sightglass Coffee,https://sightglasscoffee.com,San Francisco
Slojoy Coffee,https://www.slojoy.com,Oakland
Snow White Coffee,http://www.snowwhitecoffee.com,Oakland
Soul Grind,https://www.soulgrindcoffee.com,Pacifica
Soul Work Coffee,https://www.soulworkcoffee.com,Berkeley
Souvenir Coffee,https://www.souvenir-coffee.com,Berkeley
Tico Coffee Roasters,https://www.ticoroasters.com,Campbell
Timeless Coffee,https://timelesscoffee.com,Oakland
Unleashed Coffee,https://unleashedcoffee.com,San Rafael
Verve Coffee Roasters,https://www.vervecoffee.com,Santa Cruz
Voltaire Coffee,https://www.voltairecoffeeroasters.com,San Jose
Voyager Craft Coffee,https://www.voyagercraftcoffeeorders.com,San Jose
Wrecking Ball,https://www.wreckingballcoffee.com,San Francisco
Zolo Coffee,https://zolocoffee.com,Danville